[{"id":"d849b860-a205-5256-ab91-d3e1c92e23a0","codename":"content_page","last_modified":"2021-11-18T18:00:36.1391488Z","external_id":"c3453fa9-fc77-4810-bfdc-8d0339fc7b6f","name":"Content page","content_groups":[],"elements":[{"maximum_text_length":null,"validation_regex":null,"name":"Title","guidelines":null,"is_required":false,"type":"text","external_id":"b32c8698-a18c-4af4-bcaa-038135617787","id":"56c20514-3ca7-5914-93ee-76dd6e3fd284","codename":"title"},{"maximum_text_length":null,"maximum_image_size":null,"allowed_content_types":[],"image_width_limit":null,"image_height_limit":null,"allowed_image_types":"any","allowed_blocks":[],"allowed_formatting":[],"allowed_text_blocks":[],"allowed_table_blocks":[],"allowed_table_formatting":[],"allowed_table_text_blocks":[],"name":"Content","guidelines":null,"is_required":false,"type":"rich_text","external_id":"bd15e92c-a2d6-46c3-b5c1-9156bf3b91e4","id":"8f6e49ee-9836-5538-88dc-2eb3efeae485","codename":"content"}]},{"id":"8f80f80f-1d30-5c82-9e5d-8dc45fcc5990","codename":"navigation_item","last_modified":"2021-11-19T18:39:45.6408782Z","external_id":"ba875743-cc9f-49fa-a615-2ce81035e407","name":"Navigation item","content_groups":[{"id":"fd0ec2b7-efb0-5bfe-9558-7d74a461a92d","name":"Menu","codename":"menu"},{"id":"2c37e3b3-174d-5e36-a1bd-e452fe7862ec","name":"Content","codename":"content"}],"elements":[{"maximum_text_length":null,"validation_regex":null,"name":"Title","guidelines":null,"is_required":false,"type":"text","external_id":"8183b763-c001-45e5-a3fb-0c84a98b97d5","id":"7e1e4b77-b2b9-587b-b33b-31c64a8cc635","codename":"title","content_group":{"id":"fd0ec2b7-efb0-5bfe-9558-7d74a461a92d"}},{"depends_on":{"element":{"id":"7e1e4b77-b2b9-587b-b33b-31c64a8cc635"}},"name":"Slug","guidelines":null,"is_required":false,"type":"url_slug","external_id":"2a3a7bf2-aa84-493b-864b-6067ff0e7cc0","id":"894d9265-2ddd-5e6d-b25f-0ab7150d9279","codename":"slug","content_group":{"id":"fd0ec2b7-efb0-5bfe-9558-7d74a461a92d"}},{"item_count_limit":null,"allowed_content_types":[{"id":"8f80f80f-1d30-5c82-9e5d-8dc45fcc5990"}],"name":"Subitems","guidelines":null,"is_required":false,"type":"subpages","id":"8ebba60d-b8db-4611-a918-aed7b6264126","codename":"subitems","content_group":{"id":"fd0ec2b7-efb0-5bfe-9558-7d74a461a92d"}},{"item_count_limit":{"value":1,"condition":"at_most"},"allowed_content_types":[{"id":"d849b860-a205-5256-ab91-d3e1c92e23a0"}],"name":"Content page","guidelines":null,"is_required":false,"type":"modular_content","external_id":"90c127c1-0913-4873-aa07-ca4a64ea5d89","id":"05290d64-f6b1-5298-96c7-41d38526adbf","codename":"content_page","content_group":{"id":"2c37e3b3-174d-5e36-a1bd-e452fe7862ec"}}]},{"id":"ee07edb5-a07b-48d0-8e9c-8cf48ae6db1e","codename":"homepage","last_modified":"2021-11-19T15:22:06.6052243Z","name":"Homepage","content_groups":[],"elements":[{"maximum_text_length":null,"validation_regex":null,"name":"Title","guidelines":null,"is_required":false,"type":"text","id":"499eb44f-91c3-47fe-a588-af7ecc66adf6","codename":"title"},{"item_count_limit":null,"allowed_content_types":[{"id":"8f80f80f-1d30-5c82-9e5d-8dc45fcc5990"}],"name":"Subitems","guidelines":null,"is_required":false,"type":"subpages","id":"5e1e9d07-57d9-4b43-ba3a-a9271e77a57a","codename":"subitems"},{"item_count_limit":null,"allowed_content_types":[],"name":"Content","guidelines":null,"is_required":false,"type":"modular_content","id":"ca6c21be-f4db-4825-ba6c-6f3d590c2471","codename":"content"}]}]