[{"id":"0050df36-623f-4792-ae5b-abeccffbaff2","name":"Home","codename":"home","type":{"id":"d849b860-a205-5256-ab91-d3e1c92e23a0"},"collection":{"id":"00000000-0000-0000-0000-000000000000"},"sitemap_locations":[],"last_modified":"2021-11-18T18:00:38.5297449Z"},{"id":"aaa402e6-a90f-4e7a-8ecf-e49666160331","name":"Emergencies","codename":"emergencies","type":{"id":"d849b860-a205-5256-ab91-d3e1c92e23a0"},"collection":{"id":"00000000-0000-0000-0000-000000000000"},"sitemap_locations":[],"last_modified":"2021-11-18T18:00:41.2016506Z"},{"id":"45a88243-41e0-4ad4-9b64-e3eddfb48392","name":"Smell gas?","codename":"smell_gas__b6198c7","type":{"id":"d849b860-a205-5256-ab91-d3e1c92e23a0"},"collection":{"id":"00000000-0000-0000-0000-000000000000"},"sitemap_locations":[],"last_modified":"2021-11-18T18:00:40.4829107Z"},{"id":"4e862b2b-5e9d-4f9a-8288-935b3f9286e5","name":"Suspect carbon monoxide?","codename":"suspect_carbon_monoxide_","type":{"id":"d849b860-a205-5256-ab91-d3e1c92e23a0"},"collection":{"id":"00000000-0000-0000-0000-000000000000"},"sitemap_locations":[],"last_modified":"2021-11-18T18:00:42.6707408Z"},{"id":"01ecad04-14ed-4c18-880f-e7e59d2bef1e","name":"Help","codename":"help_7193e6a","type":{"id":"d849b860-a205-5256-ab91-d3e1c92e23a0"},"collection":{"id":"00000000-0000-0000-0000-000000000000"},"sitemap_locations":[],"last_modified":"2021-11-18T18:00:43.8582392Z"},{"id":"c74a85ab-60c8-4682-af14-615b3e0882f3","name":"Contact","codename":"contact_05319c8","type":{"id":"d849b860-a205-5256-ab91-d3e1c92e23a0"},"collection":{"id":"00000000-0000-0000-0000-000000000000"},"sitemap_locations":[],"last_modified":"2021-11-18T18:00:45.0613644Z"},{"id":"af062e5c-686e-4c4f-987b-6e1fc60d5ecb","name":"Why Kontent?","codename":"why_kontent__cf1078d","type":{"id":"d849b860-a205-5256-ab91-d3e1c92e23a0"},"collection":{"id":"00000000-0000-0000-0000-000000000000"},"sitemap_locations":[],"last_modified":"2021-11-18T18:00:46.3738648Z"},{"id":"40b2e318-d656-4af6-b083-9e5a418f1b52","name":"For developers","codename":"for_developers_51c8dd0","type":{"id":"d849b860-a205-5256-ab91-d3e1c92e23a0"},"collection":{"id":"00000000-0000-0000-0000-000000000000"},"sitemap_locations":[],"last_modified":"2021-11-18T18:00:49.0301217Z"},{"id":"006feef6-80d3-43d7-b665-6c85169bdf06","name":"For marketers","codename":"for_marketers_4e4271b","type":{"id":"d849b860-a205-5256-ab91-d3e1c92e23a0"},"collection":{"id":"00000000-0000-0000-0000-000000000000"},"sitemap_locations":[],"last_modified":"2021-11-18T18:00:47.8426633Z"},{"id":"44b7dc7d-17d2-46bd-81b4-18ded125367a","name":"Enterprise","codename":"enterprise_a4cbfb5","type":{"id":"d849b860-a205-5256-ab91-d3e1c92e23a0"},"collection":{"id":"00000000-0000-0000-0000-000000000000"},"sitemap_locations":[],"last_modified":"2021-11-18T18:00:50.4988667Z"},{"id":"c8b66078-0ad6-4280-a634-a68a528d8fc8","name":"Gatsby & Kontent","codename":"gatsby___kontent_954c34a","type":{"id":"d849b860-a205-5256-ab91-d3e1c92e23a0"},"collection":{"id":"00000000-0000-0000-0000-000000000000"},"sitemap_locations":[],"last_modified":"2021-11-18T18:00:51.7019913Z"},{"id":"47ff955b-5a69-42a5-9263-c8d7128c40ce","name":"Emergencies","codename":"untitled_content_item","type":{"id":"8f80f80f-1d30-5c82-9e5d-8dc45fcc5990"},"collection":{"id":"00000000-0000-0000-0000-000000000000"},"sitemap_locations":[],"last_modified":"2021-11-18T18:00:38.9984978Z"},{"id":"035fd9ca-1d26-4e89-869f-5d548920723c","name":"Smell gas?","codename":"smell_gas_","type":{"id":"8f80f80f-1d30-5c82-9e5d-8dc45fcc5990"},"collection":{"id":"00000000-0000-0000-0000-000000000000"},"sitemap_locations":[],"last_modified":"2021-11-18T18:00:39.7484962Z"},{"id":"158d2541-f816-4756-93d1-09eb66d10369","name":"Suspect carbon monoxide?","codename":"untitled_content_item_8c36dfb","type":{"id":"8f80f80f-1d30-5c82-9e5d-8dc45fcc5990"},"collection":{"id":"00000000-0000-0000-0000-000000000000"},"sitemap_locations":[],"last_modified":"2021-11-18T18:00:41.9363841Z"},{"id":"3476d50e-a9ca-416a-9e45-00589bdccd9d","name":"Help","codename":"help","type":{"id":"8f80f80f-1d30-5c82-9e5d-8dc45fcc5990"},"collection":{"id":"00000000-0000-0000-0000-000000000000"},"sitemap_locations":[],"last_modified":"2021-11-18T18:00:43.1239023Z"},{"id":"348f02cb-5d3f-488b-be96-7756645a3d58","name":"Contact","codename":"contact","type":{"id":"8f80f80f-1d30-5c82-9e5d-8dc45fcc5990"},"collection":{"id":"00000000-0000-0000-0000-000000000000"},"sitemap_locations":[],"last_modified":"2021-11-18T18:00:44.3269905Z"},{"id":"b6e1eddb-b759-413d-89a1-2125aafd15ae","name":"Why Kontent?","codename":"why_kontent_","type":{"id":"8f80f80f-1d30-5c82-9e5d-8dc45fcc5990"},"collection":{"id":"00000000-0000-0000-0000-000000000000"},"sitemap_locations":[],"last_modified":"2021-11-18T18:00:45.9207379Z"},{"id":"2e626ded-f48b-4106-8869-ef2e3cd566d3","name":"For marketers","codename":"for_marketers","type":{"id":"8f80f80f-1d30-5c82-9e5d-8dc45fcc5990"},"collection":{"id":"00000000-0000-0000-0000-000000000000"},"sitemap_locations":[],"last_modified":"2021-11-18T18:00:47.1082804Z"},{"id":"2d892455-97f0-4324-89fb-34aba6433829","name":"For developers","codename":"for_developers","type":{"id":"8f80f80f-1d30-5c82-9e5d-8dc45fcc5990"},"collection":{"id":"00000000-0000-0000-0000-000000000000"},"sitemap_locations":[],"last_modified":"2021-11-18T18:00:48.5613644Z"},{"id":"a006eec3-f194-481d-8d23-dcaae8dfb6be","name":"Enterprise","codename":"enterprise","type":{"id":"8f80f80f-1d30-5c82-9e5d-8dc45fcc5990"},"collection":{"id":"00000000-0000-0000-0000-000000000000"},"sitemap_locations":[],"last_modified":"2021-11-18T18:00:49.7488816Z"},{"id":"435be127-5a9e-4a56-b0de-b8a0a6c7490c","name":"Homepage","codename":"homepage","type":{"id":"ee07edb5-a07b-48d0-8e9c-8cf48ae6db1e"},"collection":{"id":"00000000-0000-0000-0000-000000000000"},"sitemap_locations":[],"last_modified":"2021-11-18T18:15:31.6787229Z"},{"id":"aa405be1-6659-4445-bd90-eb328049efce","name":"Test variant","codename":"test_variant","type":{"id":"d849b860-a205-5256-ab91-d3e1c92e23a0"},"collection":{"id":"00000000-0000-0000-0000-000000000000"},"sitemap_locations":[],"last_modified":"2021-11-19T15:09:08.6398763Z"},{"id":"941ffb89-5e14-4d0e-a5b9-cdc6048097da","name":"Test additional nav","codename":"test_additional_nav","type":{"id":"8f80f80f-1d30-5c82-9e5d-8dc45fcc5990"},"collection":{"id":"00000000-0000-0000-0000-000000000000"},"sitemap_locations":[],"last_modified":"2021-11-18T18:29:58.8198334Z"},{"id":"4692e017-f77f-44bd-ac4f-7b50052f520c","name":"Gatsby & Kontent","codename":"gatsby___kontent","type":{"id":"8f80f80f-1d30-5c82-9e5d-8dc45fcc5990"},"collection":{"id":"00000000-0000-0000-0000-000000000000"},"sitemap_locations":[],"last_modified":"2021-11-18T18:00:50.9676167Z"}]