[{"id":"00000000-0000-0000-0000-000000000000","name":"Default project language","codename":"default","is_active":true,"is_default":true,"fallback_language":{"id":"00000000-0000-0000-0000-000000000000"}},{"id":"b3e7d478-6ed3-4c0c-9185-792d04f0a147","name":"German","codename":"de-DE","is_active":true,"is_default":false,"fallback_language":{"id":"00000000-0000-0000-0000-000000000000"}},{"id":"507f9f44-81e5-4553-b13d-acb5b7574382","name":"Czech","codename":"cs-CZ","is_active":true,"is_default":false,"fallback_language":{"id":"00000000-0000-0000-0000-000000000000"}}]