[{"id":"78b32bea-0b6a-425b-8e4a-bf15d21ebac2","name":"Draft","codename":"draft","transitions_to":["d6f8bd29-545d-4a84-8352-b331935c4a9c","12d55731-e061-4926-90b1-14a3b4d68f58","7795f6b5-9a62-44bb-8a6a-73c294125aee","7a535a69-ad34-47f8-806a-def1fdf4d391"]},{"id":"d6f8bd29-545d-4a84-8352-b331935c4a9c","name":"Review","codename":"review","transitions_to":["78b32bea-0b6a-425b-8e4a-bf15d21ebac2","12d55731-e061-4926-90b1-14a3b4d68f58","7795f6b5-9a62-44bb-8a6a-73c294125aee","7a535a69-ad34-47f8-806a-def1fdf4d391"]},{"id":"12d55731-e061-4926-90b1-14a3b4d68f58","name":"Ready to publish","codename":"ready_to_publish","transitions_to":["78b32bea-0b6a-425b-8e4a-bf15d21ebac2","d6f8bd29-545d-4a84-8352-b331935c4a9c","7795f6b5-9a62-44bb-8a6a-73c294125aee","7a535a69-ad34-47f8-806a-def1fdf4d391"]},{"id":"9d2b0228-4d0d-4c23-8b49-01a698857709","name":"Scheduled","codename":"scheduled","transitions_to":[]},{"id":"7795f6b5-9a62-44bb-8a6a-73c294125aee","name":"Published","codename":"published","transitions_to":[]},{"id":"7a535a69-ad34-47f8-806a-def1fdf4d391","name":"Archived","codename":"archived","transitions_to":[]}]